sifra-artikla;url
7585118;https://maxi.sales-snap.com/asset/2773:pikprsa-removebg-previewpng
7478670;https://maxi.sales-snap.com/asset/2685:sirdolinar100g-removebg-preview-1png
7576897;https://maxi.sales-snap.com/asset/2630:mlekosveze28d3vitmkravica1463l-removebg-previewpng
7194369;https://maxi.sales-snap.com/asset/2572:kafainstantclassiclimenkanescafe200g-removebg-previewpng
7182842;https://maxi.sales-snap.com/asset/2583:pirinacparboildugozrnocelrisoscotti1kg-removebg-previewpng
7181010;https://maxi.sales-snap.com/asset/2785:7181010-removebg-previewpng
7506314;https://maxi.sales-snap.com/asset/2786:7506314-removebg-previewpng
7186387;https://maxi.sales-snap.com/asset/2564:okoladazajeloikuvanjemaxi200g-removebg-previewpng
7213864;https://maxi.sales-snap.com/asset/2582:pivostellaartoislimenka05l-removebg-previewpng
7621365;https://maxi.sales-snap.com/asset/2712:tefnideterdentblackcoccolino18l-removebg-previewpng
7344240;https://maxi.sales-snap.com/asset/2599:regeneratorpantene3mmrepairprotect200ml-removebg-previewpng
7562128;https://maxi.sales-snap.com/asset/2584:pireodvocajabbankeksnutrino190g-removebg-previewpng
7449960;https://maxi.sales-snap.com/asset/2717:toaletpapirperfexcotcomfort3sl41-removebg-previewpng
7478002;https://maxi.sales-snap.com/asset/2640:zlatiboracdimljenivrat125g-removebg-previewpng
7506597;https://maxi.sales-snap.com/asset/2719:balansimuno-1kgjpg
7481575;https://maxi.sales-snap.com/asset/2692:sladoledkornetkarameldll6kom444g-removebg-previewpng
7578144;https://maxi.sales-snap.com/asset/2787:7578144-removebg-previewpng
7200701;https://maxi.sales-snap.com/asset/2668:kikirikiputerdelhaize350g-removebg-previewpng
7648887;https://maxi.sales-snap.com/asset/2740:gazirana-voda-mg-mivela-175lpng
7294978;https://maxi.sales-snap.com/asset/2627:vinoocigpsvw075l-removebg-previewpng
7185689;https://maxi.sales-snap.com/asset/2663:krauterhofkonjskibalzamextopao250ml-removebg-previewpng
7175751;https://maxi.sales-snap.com/asset/2798:7175751png
7186929;https://maxi.sales-snap.com/asset/2799:7186929png
7178019;https://maxi.sales-snap.com/asset/2631:virslabezomotapilecaperutnptuj200g-removebg-previewpng
7175940;https://maxi.sales-snap.com/asset/2800:7175940png
7176644;https://maxi.sales-snap.com/asset/2801:7176644png
7185093;https://maxi.sales-snap.com/asset/2638:wudyzivinskabarkob1kg-removebg-previewpng
7186073;https://maxi.sales-snap.com/asset/2585:pilecagalaperutninaptuj500g-removebg-previewpng
7201751;https://maxi.sales-snap.com/asset/2803:7201751png1
7290206;https://maxi.sales-snap.com/asset/2804:7290206png
7514237;https://maxi.sales-snap.com/asset/2805:7514237png
7563907;https://maxi.sales-snap.com/asset/2811:7563907png
7177542;https://maxi.sales-snap.com/asset/2687:sirtosttopiclassicbiser120g-removebg-previewpng
7187567;https://maxi.sales-snap.com/asset/2806:7187567png
7298031;https://maxi.sales-snap.com/asset/2810:7298031png1
7421649;https://maxi.sales-snap.com/asset/2808:7421649png
7632268;https://maxi.sales-snap.com/asset/2809:7632268png
7217532;https://maxi.sales-snap.com/asset/2752:jogurt-28mm-maxi-1kgpng
7350425;https://maxi.sales-snap.com/asset/2707:sutlijaspremia200g-removebg-previewpng
7566748;https://maxi.sales-snap.com/asset/2666:kiselomleko28mmmaxi400g-removebg-previewpng
7596355;https://maxi.sales-snap.com/asset/2756:jogurt-u-tipu-grckog-maxi-400gpng1
7184052;https://maxi.sales-snap.com/asset/2686:sirtopljeninaturpresident140g-removebg-previewpng
7236794;https://maxi.sales-snap.com/asset/2644:maslacmojakravica200g-removebg-previewpng
7309479;https://maxi.sales-snap.com/asset/2757:ribelahumus-removebg-previewpng
7350846;https://maxi.sales-snap.com/asset/2647:margarinexpertdijamant250g-removebg-previewpng
7186622;https://maxi.sales-snap.com/asset/2628:mlekosveze28mmdukat15l-removebg-previewpng
7192338;https://maxi.sales-snap.com/asset/2753:jogurt-28mm-moja-kravica-15kgjpg
7175681;https://maxi.sales-snap.com/asset/2565:okoladnomleko1mmmojakravica1l-removebg-previewpng
7182595;https://maxi.sales-snap.com/asset/2667:kiselapavlaka20mmmojakravica700g-removebg-previewpng
7196152;https://maxi.sales-snap.com/asset/2754:jogurt-balans-probiotik-15kgjpg
7293331;https://maxi.sales-snap.com/asset/2620:napitakbadembezseceraalpro1l-removebg-previewpng
7215302;https://maxi.sales-snap.com/asset/2601:parmalatlatecappuccino200ml-removebg-previewpng
7219836;https://maxi.sales-snap.com/asset/2618:napitakodpirincarisoscotti1l-removebg-previewpng
7226283;https://maxi.sales-snap.com/asset/2729:corn-flakes-nestle-bag-500gjpg
7564120;https://maxi.sales-snap.com/asset/2614:nutrinolabjab-mang-papaja-ban200g-removebg-previewpng
7619295;https://maxi.sales-snap.com/asset/2606:ovsenakasalesnikboombox60g-removebg-previewpng
7663763;https://maxi.sales-snap.com/asset/2749:instant-palenta-60g-droetkerjpg
7597875;https://maxi.sales-snap.com/asset/2797:7597875png
7588600;https://maxi.sales-snap.com/asset/2655:krofnasakajsijapunjenjem48g-removebg-previewpng
7180771;https://maxi.sales-snap.com/asset/2613:uljeodkotticegrodjaolitalia1l-removebg-previewpng
7283133;https://maxi.sales-snap.com/asset/2573:medcvetnimaxi700g-removebg-previewpng
7286617;https://maxi.sales-snap.com/asset/2607:orhidejadurumpanonaosustesten400g-removebg-previewpng
7344808;https://maxi.sales-snap.com/asset/2615:uljesuncokretovomaxi1l-removebg-previewpng
7195577;https://maxi.sales-snap.com/asset/2710:tartarsosmaxi300ml-removebg-previewpng
7195580;https://maxi.sales-snap.com/asset/2649:majonezmaxi300ml-removebg-previewpng
7183181;https://maxi.sales-snap.com/asset/2676:kecapblagipremia500g-removebg-previewpng1
7230264;https://maxi.sales-snap.com/asset/2603:palentamaxi500g-removebg-previewpng
7308183;https://maxi.sales-snap.com/asset/2708:spagetemaxi400g-removebg-previewpng
7541792;https://maxi.sales-snap.com/asset/2743:granule-za-pse-balance-friskies-500gjpg1
7552879;https://maxi.sales-snap.com/asset/2730:cvekla-maxi-680gjpg
7175590;https://maxi.sales-snap.com/asset/2639:zafinc250g-removebg-previewpng
7626853;https://maxi.sales-snap.com/asset/2678:kafatradicionalnaperla200g-removebg-previewpng
7503936;https://maxi.sales-snap.com/asset/2570:kafaclassic3u1nescafe165g51gratis-removebg-previewpng
7428833;https://maxi.sales-snap.com/asset/2632:mix5pahuljicafunfit500g-removebg-previewpng
7176016;https://maxi.sales-snap.com/asset/2680:kafamlevenagrandgold200g-removebg-previewpng1
7176406;https://maxi.sales-snap.com/asset/2681:kafamlevenac200g-removebg-previewpng1
7176727;https://maxi.sales-snap.com/asset/2683:kafainstantcronatgoldjacobs200g-removebg-previewpng
7181518;https://maxi.sales-snap.com/asset/2725:cappuccino-milka-specijal-jacobs-18gpng
7474661;https://maxi.sales-snap.com/asset/2679:kafatradicionalnajacobs200g-removebg-previewpng
7606525;https://maxi.sales-snap.com/asset/2571:kafadgsigblendamericanocosta170g-removebg-previewpng
7662257;https://maxi.sales-snap.com/asset/2682:kafainstantgoldnescafe190g-removebg-previewpng
7202384;https://maxi.sales-snap.com/asset/2796:7202384png
7657435;https://maxi.sales-snap.com/asset/2688:sladoled4youcokoladamaxi1650ml-removebg-previewpng
7534517;https://maxi.sales-snap.com/asset/2689:sladoledchocholatefudgebrowniebj465ml-removebg-previewpng
7624064;https://maxi.sales-snap.com/asset/2695:sladoledplazmacasa450ml296g-removebg-previewpng
7665348;https://maxi.sales-snap.com/asset/2694:sladoledpirulolubenica5x73ml350g-removebg-previewpng
7481583;https://maxi.sales-snap.com/asset/2693:sladoledmixministapicdll288g400ml-removebg-previewpng
7657411;https://maxi.sales-snap.com/asset/2795:7657439png
7624135;https://maxi.sales-snap.com/asset/2758:najlepsez-removebg-previewpng
7424418;https://maxi.sales-snap.com/asset/2698:smrznutimladigratakfriglo450g-removebg-previewpng
7641121;https://maxi.sales-snap.com/asset/2697:sladoledttapiachocovanilladll10kom400g-removebg-previewpng
7440507;https://maxi.sales-snap.com/asset/2690:sladoleddelhaizealmond3x120ml255g-removebg-previewpng
7188156;https://maxi.sales-snap.com/asset/2696:sladoledquattroclassic549g-removebg-previewpng
7657425;https://maxi.sales-snap.com/asset/2691:sladoledgruviblueberry4x60g-removebg-previewpng
7182697;https://maxi.sales-snap.com/asset/2594:pastetaodtuneargeta95g-removebg-previewpng
7232996;https://maxi.sales-snap.com/asset/2648:majonezthomy280ml-removebg-previewpng
7205007;https://maxi.sales-snap.com/asset/2602:tunjevinapremiakomadiubiljulju3x80g-removebg-previewpng
7175717;https://maxi.sales-snap.com/asset/2750:jetrena-patteta-carnex-folija-75gjpg
7189726;https://maxi.sales-snap.com/asset/2592:pastetaribljayuhor75g-removebg-previewpng
7661993;https://maxi.sales-snap.com/asset/2593:pastetapilecapikantpatelina60g-removebg-previewpng
7644767;https://maxi.sales-snap.com/asset/2746:humus-veggie-crna-maslina-argeta-95gjpg
7178134;https://maxi.sales-snap.com/asset/2759:testeninasvea-lazanjadurum500g-removebg-previewpng1
7288987;https://maxi.sales-snap.com/asset/2604:tunjevinapremiaumeksickojsalati160g-removebg-previewpng
7289157;https://maxi.sales-snap.com/asset/2760:premiakomadiparadajz-removebg-previewpng
7177961;https://maxi.sales-snap.com/asset/2739:flips-smoki-sa-kikirikijem-150gjpg
7372955;https://maxi.sales-snap.com/asset/2656:kroasan7daysmaxkakao110g-removebg-previewpng
7199375;https://maxi.sales-snap.com/asset/2675:keksmilkaminispunjencokoladom150g-removebg-previewpng
7200876;https://maxi.sales-snap.com/asset/2738:flips-gricko-chips-way-40gpng
7175618;https://maxi.sales-snap.com/asset/2669:kikirikiprzenvakuumjumbo250g-removebg-previewpng
7175659;https://maxi.sales-snap.com/asset/2721:biskvit-jaffa-150gjpg1
7177047;https://maxi.sales-snap.com/asset/2671:keksspritschocobutterdll175g-removebg-previewpng
7192533;https://maxi.sales-snap.com/asset/2560:ipsoriginalpringles165g-removebg-previewpng
7203724;https://maxi.sales-snap.com/asset/2623:munchmallowfamilypack210g-removebg-preview-1png
7336298;https://maxi.sales-snap.com/asset/2674:keksoreo110g-removebg-previewpng
7639077;https://maxi.sales-snap.com/asset/2578:plazmaminicoko128g-removebg-previewpng
7639147;https://maxi.sales-snap.com/asset/2726:cips-chio-red-paprika-90-grjpg
7619806;https://maxi.sales-snap.com/asset/2558:ipsjogurtizafiniovenchipsy125g-removebg-previewpng
7213098;https://maxi.sales-snap.com/asset/2673:kekspetitbeurremaxi750g-removebg-previewpng
7217397;https://maxi.sales-snap.com/asset/2671:keksspritschocobutterdll175g-removebg-previewpng
7246027;https://maxi.sales-snap.com/asset/2684:tortiljachipsslanimaxi200g-removebg-previewpng
7440523;https://maxi.sales-snap.com/asset/2761:flipspremia-removebg-previewpng
7585040;https://maxi.sales-snap.com/asset/2566:tapiaipardonpunjenikikirikijem220g-removebg-previewpng
7664863;https://maxi.sales-snap.com/asset/2762:cips-removebg-previewpng
7183079;https://maxi.sales-snap.com/asset/2561:okolbananatarkbananica125g5x25g-removebg-previewpng
7320792;https://maxi.sales-snap.com/asset/2763:toffix-bombonepng
7201677;https://maxi.sales-snap.com/asset/2661:kremduomlecniikakaomaxi400g-removebg-previewpng
7175886;https://maxi.sales-snap.com/asset/2660:kremeurocremcinija500g-removebg-previewpng1
7176533;https://maxi.sales-snap.com/asset/2562:okoladamlefnamilkawholenuts100g-removebg-previewpng
7181008;https://maxi.sales-snap.com/asset/2722:bombone-bronhi-100gpng
7202658;https://maxi.sales-snap.com/asset/2626:multipacksnickersclassic4x50g-removebg-previewpng
7235795;https://maxi.sales-snap.com/asset/2563:okoladamlefnaschogetten100g-removebg-preview-1png
7286212;https://maxi.sales-snap.com/asset/2665:kitkat4finger415g-removebg-previewpng
7501033;https://maxi.sales-snap.com/asset/2764:milka-removebg-previewpng
7180500;https://maxi.sales-snap.com/asset/2765:cokojaje-removebg-previewpng
7181031;https://maxi.sales-snap.com/asset/2766:8821078065182-removebg-previewpng
7181040;https://maxi.sales-snap.com/asset/2724:bombone-vocna-karamela-ki-ki-200gjpg
7201700;https://maxi.sales-snap.com/asset/2574:mineralnavodangmaxi05l-removebg-previewpng
7487712;https://maxi.sales-snap.com/asset/2596:minibarkarameladll6x45g-removebg-previewpng
7443529;https://maxi.sales-snap.com/asset/2793:7443529png
7563898;https://maxi.sales-snap.com/asset/2624:munchfulljagoda128g-removebg-previewpng
7443575;https://maxi.sales-snap.com/asset/2794:7443575png
7212397;https://maxi.sales-snap.com/asset/2728:cookies-double-chocolate-dll-200gpng
7318772;https://maxi.sales-snap.com/asset/2662:krembezpalmuljacrunchydll400g-removebg-previewpng
7204078;https://maxi.sales-snap.com/asset/2731:cokolada-kinder-150gjpeg
7637705;https://maxi.sales-snap.com/asset/2732:cokolada-spongebob-wafl--80gjpg
7642923;https://maxi.sales-snap.com/asset/2650:lizalicaxxlflavorplaylistchupachups-removebg-previewpng
7509921;https://maxi.sales-snap.com/asset/2723:bombone-gumene-crviai-trolli-100gpng
7198701;https://maxi.sales-snap.com/asset/2588:pepsicola15l-removebg-previewpng
7176536;https://maxi.sales-snap.com/asset/2581:pivosvetloamstellimenka05l-removebg-previewpng
7177866;https://maxi.sales-snap.com/asset/2702:sokorangejagodabravo05l-removebg-previewpng
7179721;https://maxi.sales-snap.com/asset/2699:sokbreskvafamilynektar02l-removebg-previewpng
7534249;https://maxi.sales-snap.com/asset/2616:nextlemonadeslemonmint04l-removebg-previewpng
7209817;https://maxi.sales-snap.com/asset/2703:sokvitnjajabukasamovoae075l-removebg-previewpng
7418232;https://maxi.sales-snap.com/asset/2727:cockta-original-15ljpg
7608301;https://maxi.sales-snap.com/asset/2748:instant-napitak-naranda-cedevita-900gpng
7627548;https://maxi.sales-snap.com/asset/2637:vodagaziranarosa15l-removebg-previewpng
7198694;https://maxi.sales-snap.com/asset/2701:sokjabukatropicalmix50maxi1l-removebg-previewpng
7631653;https://maxi.sales-snap.com/asset/2700:sokcrnaribizlahappyday1l-removebg-previewpng
7175754;https://maxi.sales-snap.com/asset/2619:vinobelochardonnay075l-removebg-previewpng
7176933;https://maxi.sales-snap.com/asset/2629:vinopenutavoproseccocaldirola075l-removebg-previewpng
7180657;https://maxi.sales-snap.com/asset/2580:pivosvetlojelenlimenka05l-removebg-previewpng
7201103;https://maxi.sales-snap.com/asset/2579:pivosvetlomuller05l-removebg-previewpng
7187968;https://maxi.sales-snap.com/asset/2625:vinobelograndsudchardonnay1l-removebg-previewpng2
7191284;https://maxi.sales-snap.com/asset/2704:somersbyjabuka033l-removebg-previewpng
7656385;https://maxi.sales-snap.com/asset/2587:persilgellavender2835l63wl-removebg-previewpng
7901208;https://maxi.sales-snap.com/asset/2709:tabletesomatallin1extra761-removebg-previewpng
7638263;https://maxi.sales-snap.com/asset/2608:omeksivaclenorgoldperle140g-removebg-previewpng
7430990;https://maxi.sales-snap.com/asset/2734:detza-vet-ariel-ms-20wpng
7499890;https://maxi.sales-snap.com/asset/2713:tefniodstranjivflekavanishpink500ml-removebg-previewpng
7532644;https://maxi.sales-snap.com/asset/2733:detza-pranje-sudova-yellow-limun-500mlpng
7638269;https://maxi.sales-snap.com/asset/2610:omeksivackoncentlikeadiamondduel17l-removebg-previewpng
7497695;https://maxi.sales-snap.com/asset/2612:odmascivacpremiaexpert750ml-removebg-previewpng
7515319;https://maxi.sales-snap.com/asset/2705:sredzaciscstaklapumpicapremia750ml-removebg-previewpng
7515335;https://maxi.sales-snap.com/asset/2768:jab-removebg-previewpng
7638392;https://maxi.sales-snap.com/asset/2569:arfstakloantistatic650ml-removebg-previewpng
7665164;https://maxi.sales-snap.com/asset/2586:perwollcolor1980ml36wl-removebg-previewpng
7176422;https://maxi.sales-snap.com/asset/2568:aparatsatabletamazakomarceraid-removebg-previewpng
7474996;https://maxi.sales-snap.com/asset/2741:gel-za-tutiranje-str8-original-400mljpg
7308412;https://maxi.sales-snap.com/asset/2611:ulotcialwaysultranightquatros4241-removebg-previewpng
7175730;https://maxi.sales-snap.com/asset/2736:dezodorans-sprej-enski-nivea-150mljpg
7666476;https://maxi.sales-snap.com/asset/2597:pastazazubetripleactioncolgate75ml-removebg-previewpng
7565696;https://maxi.sales-snap.com/asset/2641:tamponzakosukeratinsyoss440ml-removebg-previewpng
7348994;https://maxi.sales-snap.com/asset/2642:sapuntecniantibakclassicdrplant1l-removebg-previewpng
7665685;https://maxi.sales-snap.com/asset/2645:maskazakosuziajakozjemleko200ml-removebg-previewpng
7666767;https://maxi.sales-snap.com/asset/2646:maskazakosubearfruitsflamingo20ml-removebg-previewpng
7351491;https://maxi.sales-snap.com/asset/2598:prebiprob2prmlzaodojfhipp800g-removebg-previewpng
7595014;https://maxi.sales-snap.com/asset/2633:vlanebabymaramwater99nevena721-removebg-previewpng
7176713;https://maxi.sales-snap.com/asset/2677:kasicahipppovrcesatesteninomipiletinom220g-removebg-previewpng
7177175;https://maxi.sales-snap.com/asset/2595:pastazazubevademecumjunior50ml-removebg-previewpng
7209050;https://maxi.sales-snap.com/asset/2735:deterdent-za-flatice-cucle-frosch-baby-500mlpng
7186477;https://maxi.sales-snap.com/asset/2635:vlaznemaramicebabymaxilotion72-removebg-previewpng
7487724;https://maxi.sales-snap.com/asset/2657:kremazabebepremia200ml-removebg-previewpng
7423874;https://maxi.sales-snap.com/asset/2706:superkoncomektivafzavetchicco15l-removebg-previewpng
7564944;https://maxi.sales-snap.com/asset/2589:pelenevioletagigamaxi104kom-removebg-previewpng
7599785;https://maxi.sales-snap.com/asset/2792:7599785png
7619344;https://maxi.sales-snap.com/asset/2634:vlanebebimaramiceapplanetfrendfresh601-removebg-previewpng
7619596;https://maxi.sales-snap.com/asset/2590:peleneevybabyjumbo3u15junior12-25kg-removebg-previewpng
7191289;https://maxi.sales-snap.com/asset/2769:pedigrejpg
7189473;https://maxi.sales-snap.com/asset/2742:granule-za-pse-balance-friskies-500gjpg
7210898;https://maxi.sales-snap.com/asset/2744:hrana-za-mafke-sheba-piletina-kesa-85gjpg
7177821;https://maxi.sales-snap.com/asset/2714:testeninasvea-lazanjadurum500g-removebg-previewpng
7181814;https://maxi.sales-snap.com/asset/2652:krpeantibakterijskefino2kom-removebg-previewpng
7186508;https://maxi.sales-snap.com/asset/2654:krpauniverzalnamikrofiberfino-removebg-previewpng
7186509;https://maxi.sales-snap.com/asset/2653:krpazastaklomikrofiberfino-removebg-previewpng
7185685;https://maxi.sales-snap.com/asset/2770:konjb-removebg-previewpng
7628318;https://maxi.sales-snap.com/asset/2718:toaletpapirpremiapeach3sl4-removebg-previewpng
7194890;https://maxi.sales-snap.com/asset/2609:ubrusmaxijumbobelidvoslojni1-removebg-previewpng
7466152;https://maxi.sales-snap.com/asset/2716:toaletpapir3sl10softcare-removebg-previewpng
7248504;https://maxi.sales-snap.com/asset/2791:7248504png
7288974;https://maxi.sales-snap.com/asset/2790:7288974-removebg-previewpng
7467008;https://maxi.sales-snap.com/asset/2658:kremzakuvanjeneutralanpremia500ml-removebg-previewpng
7546579;https://maxi.sales-snap.com/asset/2600:pastasospremia350g-removebg-previewpng
7621599;https://maxi.sales-snap.com/asset/2789:7621599png
7666003;https://maxi.sales-snap.com/asset/2772:puterkroasan65g2jpg
7203262;https://maxi.sales-snap.com/asset/2643:maslacpremia125g-removebg-previewpng
7251593;https://maxi.sales-snap.com/asset/2577:podlogazapizzupremia200g-removebg-previewpng
7248352;https://maxi.sales-snap.com/asset/2788:7248352png
7553468;https://maxi.sales-snap.com/asset/2747:indijski-orah-suvopslani-premia-75gpng
7510817;https://maxi.sales-snap.com/asset/2664:kokiceslanepremia100g-removebg-previewpng
7664397;https://maxi.sales-snap.com/asset/2591:pelenebabycutejunior42kommaxi-removebg-previewpng
7533363;https://maxi.sales-snap.com/asset/2576:pomorandzanaturespromise250ml-removebg-previewpng
7533349;https://maxi.sales-snap.com/asset/2651:limunadanaturespromise250ml-removebg-previewpng
7194428;https://maxi.sales-snap.com/asset/2737:energetsko-pice-365-250mlpng
7344741;https://maxi.sales-snap.com/asset/2636:vlaznemaramicepremiaantibact15-removebg-previewpng
7337344;https://maxi.sales-snap.com/asset/2617:vatapremia100g-removebg-previewpng
7293212;https://maxi.sales-snap.com/asset/2575:sapunneutral3654x100g-removebg-previewpng
7466108;https://maxi.sales-snap.com/asset/2771:papirpng
7522873;https://maxi.sales-snap.com/asset/2567:aluminijumskafolijapremia30m-removebg-previewpng
7466883;https://maxi.sales-snap.com/asset/2670:kesezasmecesaruckamapremia40l12-removebg-previewpng
7297524;https://maxi.sales-snap.com/asset/2745:hrana-za-pse-happy-pets-3kgpng